City,Country,Latitude,Longtitude,Temperature (F),Humidity (%),Cloudiness (%),Wind Speed (mph)
port alfred,za,-84.99300592243011,48.938687885225534,66.0,97,0,1.01
ushuaia,ar,-86.60376691694616,-69.18126476851621,47.46,57,100,14.94
souillac,mu,-47.68467440739739,72.38244515471365,76.5,83,75,11.41
chuy,uy,-45.45378820742306,-42.502153721367506,76.3,69,45,7.72
sao felix do xingu,br,-7.798522759760061,-52.246314510487366,80.53,89,100,3.53
victor harbor,au,-35.599305743602,138.8762545502271,64.54,93,66,1.88
port hardy,ca,44.629152087029496,-136.7343664126348,46.76,80,28,4.59
cape town,za,-62.316977504488804,-9.884826850995921,64.02,88,37,3.0
bethel,us,43.38148496174696,-167.0282965273041,43.95,96,100,8.99
cubara,co,6.724411194230086,-72.2435708086632,87.3,48,82,1.43
bredasdorp,za,-57.63862155733522,23.694125179503715,66.11,72,0,9.17
saint george,bm,35.53790390922025,-57.52076412476903,55.44,43,1,3.36
punta arenas,cl,-83.04736254404118,-96.44536052623928,53.01,66,0,27.0
new norfolk,au,-76.96950934637582,132.7128297439623,62.55,67,77,1.01
guasave,mx,25.516606935918034,-108.55725997373672,76.64,66,0,3.0
mataura,pf,-47.01061422600354,-147.51680605106253,61.81,72,99,1.86
hvolsvollur,is,63.69784266797976,-19.669737523112047,33.01,97,73,5.99
bluff,nz,-88.13328517827657,155.18623406935393,63.43,56,66,1.54
kapaa,us,22.515133882526058,-159.01153884575356,73.0,59,89,3.0
jamestown,sh,-17.38457413317674,-6.551568259101657,35.56,95,100,3.0
khatanga,ru,77.88237375628461,107.38579003259815,-23.35,90,70,3.02
pevek,ru,83.97473640494275,164.85824392462217,-16.02,96,100,3.6
palmer,us,61.6048465054856,-147.0555221382504,40.12,93,90,4.7
araouane,ml,19.06358130455699,-6.964388878710082,77.97,8,100,5.53
kununurra,au,-17.731099688039336,127.04837948465024,85.19,68,100,3.49
naryan-mar,ru,68.53913728057267,52.21018524220037,-7.64,100,99,5.73
vaini,to,-26.145103475565634,-176.05780438693557,78.4,86,46,21.07
hithadhoo,mv,-8.917243596022814,77.2151276830948,82.6,80,100,15.23
ormara,pk,21.81183435236356,64.41958101307853,72.03,81,0,16.49
galatas,gr,38.2800759463272,21.553271630851356,49.51,86,33,1.99
east london,za,-66.91254987376547,48.2254622536191,77.31,85,0,0.51
bose,cn,23.66730323892223,107.51127838756611,37.04,80,21,1.77
butaritari,ki,13.54445727045534,178.34123691260464,84.85,72,3,9.51
sioux lookout,ca,54.3563540733341,-91.50986799398086,27.7,92,100,3.15
mantua,cu,25.042159175399647,-85.94270701395905,42.15,93,75,2.24
lagoa,pt,46.56001465533086,-30.361951091190917,58.48,68,100,9.48
lebu,cl,-35.640195989042006,-86.34276885927439,72.59,44,0,13.06
vanimo,pg,-0.48989906812755635,140.91523749125344,83.03,82,47,13.62
vega de alatorre,mx,20.706026860203053,-95.96544934359372,74.05,79,0,21.72
qazvin,ir,36.5232995516063,50.279393631152175,17.15,81,0,5.12
berdigestyakh,ru,60.85468780978928,125.31400470653472,-33.92,93,0,5.95
jahanabad,in,28.525384225035253,79.63964679998492,50.97,82,0,4.36
puerto ayora,ec,4.030880081471423,-91.93484738144869,78.01,53,96,5.99
guerrero negro,mx,12.89090077898588,-130.44101459138557,71.26,43,0,4.36
rikitea,pf,-33.6216041110924,-128.9273285725243,78.76,77,36,14.61
bambous virieux,mu,-31.713602221022036,70.96452997259553,76.48,83,75,11.41
ribeira grande,pt,31.112919857993845,-37.06817618889977,54.05,78,100,5.77
ossora,ru,59.5192787310788,161.67182745959838,29.75,94,100,32.61
ailigandi,pa,10.74404664023561,-77.21552239342553,78.67,68,100,7.92
simao,cn,22.38990313232398,101.25349448310982,41.04,69,0,1.95
aromashevo,ru,57.37018285102431,68.40974234201789,3.87,95,88,8.84
gigmoto,ph,16.342393339534027,128.0385402634193,80.22,82,77,16.58
hermanus,za,-86.46062651849323,4.007227036323172,65.1,83,29,11.01
sungairaya,id,0.187964596591371,107.55923916504452,75.56,94,100,2.46
albany,au,-73.41274180429225,116.25930726435695,37.0,93,90,3.65
faanui,pf,-11.738533373492032,-158.55988276061547,82.13,77,0,12.93
aklavik,ca,75.77989141903024,-141.5998589418042,-14.55,92,100,22.3
whitecourt,ca,54.06273801695352,-115.06280183804476,34.25,98,0,2.48
bukachacha,ru,52.95916367098866,116.33225503799383,-10.7,99,50,1.66
kolyvan,ru,55.76115311135439,82.77396155907803,13.77,91,100,11.83
artesia,us,32.981160615663924,-104.67664341492188,67.62,72,1,5.82
busselton,au,-79.68956750340523,81.95062690272795,64.13,61,1,9.6
ponta do sol,cv,22.227278166629816,-33.17602377416594,51.6,62,32,1.99
dikson,ru,78.04976438891487,77.13076630524893,-8.45,97,100,8.05
aksu,kz,42.75248571005173,69.59238212482674,22.39,73,26,1.19
yellowknife,ca,80.50481620688251,-102.7791057872784,10.0,84,100,7.63
tasiilaq,gl,59.97575557725804,-31.476320956225493,26.6,73,100,12.75
acarau,br,5.222806350587817,-39.46864007722718,81.16,78,100,7.63
point pedro,lk,9.795927183848079,80.57622928699413,78.57,72,100,13.49
tianpeng,cn,31.872313845395993,103.11734292682229,39.69,77,84,4.38
talnakh,ru,69.28716282924222,90.89618103122115,2.75,95,100,7.27
sampit,id,-0.5188689520938965,113.44107462214777,74.5,97,100,0.74
mahajanga,mg,-16.38546310197782,44.064622134377345,80.6,94,40,1.54
kimbe,pg,-6.394557803716381,150.70035299208564,77.99,92,29,1.92
bozoum,cf,6.17874438816132,16.42739665040355,66.58,17,75,4.18
fukue,jp,32.958545291110994,127.8365954184988,52.92,89,100,20.04
dolovo,rs,44.89433414384163,20.9601723450736,35.01,78,22,6.98
port elizabeth,za,-72.45934243656168,29.739847341329323,69.6,89,0,9.15
atuona,pf,-12.390065798239974,-128.7968732323381,80.87,77,61,15.77
zhigansk,ru,67.89920960799532,126.48121086022098,-34.89,92,41,12.15
carnarvon,au,-26.572117899019382,109.77282939385753,78.64,64,0,19.28
san quintin,mx,27.489340836903907,-122.1193757617176,65.3,60,90,5.88
yar-sale,ru,74.60710987875086,71.21657830725772,-1.37,97,94,5.44
kiama,au,-38.30213624327143,158.34241381630096,78.08,22,41,2.17
srinagar,in,34.063575947542915,74.78019007113468,29.62,97,100,0.54
arbagar,ru,52.40840212087332,116.04263195172291,-9.2,90,98,2.08
eatonton,us,33.22740235651398,-83.67383330613902,49.77,60,0,1.01
ancud,cl,-40.86055386545947,-88.37324761548098,60.33,94,100,8.79
tuktoyaktuk,ca,88.66747393040916,-129.86501877351697,-14.19,96,100,21.0
marzuq,ly,22.79833530357871,16.790267394619292,65.62,80,28,1.21
kaitangata,nz,-72.2372677893968,177.82371062975034,64.99,67,91,6.85
furstenfeld,at,47.20353253209717,15.968281494740495,29.32,96,100,0.81
qaanaaq,gl,88.96501386257111,-82.78538429131015,-13.38,46,0,4.99
dingle,ie,50.351649630789126,-15.996707220223982,74.05,90,2,4.92
ulaangom,mn,48.792861528183494,92.83901533294551,-4.32,89,100,3.27
luganville,vu,-15.889008224983812,166.88541356724988,77.77,79,25,3.91
issoire,fr,45.212572670705214,3.147874546394263,40.3,88,76,4.05
alofi,nu,-18.942611757605306,-165.76121594702954,80.69,82,100,7.4
gubkinskiy,ru,64.79723668678244,76.09151134192666,0.54,96,88,8.39
tiksi,ru,78.29521557141919,122.62273704532788,-26.79,70,0,6.35
nikolskoye,ru,40.64632133757675,174.26767704391972,28.13,80,0,1.01
kidal,ml,16.739346906432587,2.533333737193061,73.35,10,99,7.45
alice springs,au,-26.499019486457748,135.36413176697505,71.15,49,0,7.87
arraial do cabo,br,-44.79167305937688,-19.40128614903847,75.97,85,0,11.48
minna,ng,9.807794184599402,6.343808171749004,77.16,10,4,9.82
griffith,au,-32.82331272773453,146.04312546257404,32.83,96,90,11.41
perth,au,-31.349870891934565,115.176697989876,70.72,66,25,5.01
linxia,cn,33.20542063351624,100.70579429088724,19.17,66,0,0.72
narsaq,gl,74.5360036601999,-64.55314148370967,17.6,61,100,4.7
anadyr,ru,64.05250055952757,174.4100984659728,1.85,95,100,11.86
elko,us,40.53455471925133,-115.89565091596938,44.31,59,100,7.0
bathsheba,bb,15.945880212315558,-54.66960846988047,79.21,75,100,9.98
mount gambier,au,-41.82741753415199,137.1533910264318,61.81,92,70,5.19
belluno,it,46.436920687642186,12.312321802154656,42.12,100,75,5.82
provideniya,ru,40.49200322443511,-177.6071917468067,-7.44,73,0,4.99
surt,ly,30.69369941064224,15.389401605770985,60.66,33,100,10.8
sola,vu,-10.175497218426685,170.72661350807607,82.24,79,65,15.39
disna,by,54.91816988676098,28.570970138546414,31.96,89,33,9.66
fortuna,us,39.71306800115519,-132.1181229967189,58.33,83,100,7.0
salinas,ec,-2.8123382107835795,-81.60020266833313,61.77,82,1,5.82
bulgan,mn,48.9448015485078,102.68575455327186,8.35,59,78,3.29
tacuati,py,-23.633240918247182,-56.531913237677315,94.3,25,0,3.56
marawi,sd,19.028538890023015,32.922235839782104,77.0,91,0,1.01
zaria,ng,11.094313630636037,8.032890317430798,64.4,18,10,9.69
auki,sb,-2.72981854947038,163.71828957397463,83.41,76,0,6.08
norman wells,ca,70.96438301007379,-122.5872063030033,-18.09,92,100,9.44
tautira,pf,-17.699523753678235,-148.13659718062934,87.01,66,63,11.01
san luis,ar,-32.625995911888104,-66.52529176129377,100.09,14,0,12.06
karpogory,ru,63.50261532260532,44.51137525903164,4.06,96,100,4.72
batangafo,cf,7.095326978330732,17.834059058174432,70.7,13,91,4.9
jalu,ly,23.60970431352061,22.692676566635413,55.49,48,15,8.9
amuntai,id,-0.7425645214394052,114.79297852402334,74.46,95,97,1.16
bantva,in,21.46666758426585,70.02180387324165,64.0,46,0,8.46
san carlos,uy,-34.73561897625623,-54.69070966872536,95.61,23,98,2.15
puebloviejo,ec,-3.645324111901232,-79.34769244545869,79.39,75,98,23.87
bassar,tg,8.935391089545774,0.7123436564433803,72.5,11,1,3.71
chernaya kholunitsa,ru,58.89909699542818,51.357088626026666,14.29,97,93,3.89
hilo,us,4.092847838493199,-159.4607387870004,72.75,90,52,3.0
davidson,ca,51.24877826375496,-105.906830714452,37.98,72,100,3.0
miri,my,4.1398603541724555,113.97412491842783,77.0,10,2,1.99
avarua,ck,-30.528482834986647,-160.30656686470343,80.29,85,98,14.81
ghatanji,in,20.043350926077665,78.51198726732503,70.07,56,0,3.33
natal,br,-3.6219610051036284,-30.035276871840097,82.2,82,77,12.37
mersin,tr,36.19077870173567,34.80539415045229,31.21,75,0,1.43
arrecife,es,28.397231383315997,-12.1856199253005,61.57,72,0,7.52
jian,cn,27.000504336083296,114.41735276205077,43.2,94,100,5.68
panaba,mx,25.52185876154384,-87.47734940472489,75.92,69,0,11.43
hobart,au,-53.556358902686846,154.68995419764872,62.65,73,76,3.0
nuuk,gl,65.23560280888316,-51.579915915677276,14.0,61,40,9.17
upernavik,gl,82.69806836754063,-59.49124823148158,-15.52,96,57,8.12
moose factory,ca,51.5195335326126,-80.30442863347578,29.05,96,100,8.95
nurlat,ru,54.41659416956571,50.747120671222405,19.94,98,76,4.92
zyryanka,ru,68.01317594772823,149.52105222441702,-29.2,96,100,6.55
acapulco,mx,4.529158748648555,-106.17613201297257,83.28,51,7,9.15
stepnyak,kz,53.405533713475705,70.52003928596736,10.38,83,100,23.0
guarapari,br,-25.35719443844539,-33.058858614463674,74.34,78,100,3.22
klyuchevskiy,ru,53.39135205793377,119.71719305726663,-12.32,97,78,2.77
klaksvik,fo,69.21213351579888,-7.013169672580091,46.06,83,100,20.8
vestmanna,fo,68.5129391938687,-7.966228577018853,43.75,87,100,17.92
nome,us,64.2869244880367,-164.99284864977457,-9.62,71,0,7.07
hay river,ca,58.92006344309854,-112.80604944160622,15.28,93,47,6.15
barrow,us,75.98789167917661,-156.53264036683046,-23.8,74,1,9.17
tilichiki,ru,58.359933673165386,168.24137946706497,24.33,84,100,19.57
egvekinot,ru,59.69949495335214,-179.1759390536855,-6.3,96,71,0.63
altea,es,38.34608546583897,0.16646451542678165,52.61,90,73,6.73
saint-philippe,re,-67.02456418382819,73.86816197027554,71.01,88,90,3.36
sistranda,no,64.80644533712993,9.108490727747125,42.67,88,100,22.19
hyeres,fr,41.873631209060505,6.833614544302691,48.34,97,100,5.01
grindavik,is,54.48671792923432,-23.906308632625127,35.6,74,75,8.05
rantauprapat,id,1.9516794051103403,100.44201074625573,73.6,97,91,1.5
tuatapere,nz,-46.657089928430445,157.88223209497488,63.64,53,96,1.45
yangambi,cd,-0.9615906052071068,24.245536880073047,75.9,33,16,1.45
teguldet,ru,59.02742478341085,87.57571070806893,16.43,92,100,9.66
mar del plata,ar,-61.89198685261583,-31.549449381244614,71.01,69,0,11.99
castro,cl,-50.27624063188505,-89.31226725857796,77.29,53,0,0.98
gashua,ng,13.586549395098643,10.906518321684729,63.5,14,7,9.95
cherskiy,ru,80.16548854641789,157.70041304870233,-23.39,97,100,2.71
saskylakh,ru,86.22208336829766,121.37286887270272,-16.85,91,100,19.26
keita,ne,14.809052680921795,5.840143405102509,69.89,8,9,13.33
sergeyevka,kz,54.10241865105559,67.58010284309896,14.74,90,100,22.53
burnie,au,-42.33276378530013,143.70354031723895,61.0,99,97,10.0
williston,us,48.0954784783348,-103.97167560316117,40.44,52,1,10.29
esperance,au,-47.10143797970354,126.67771051691551,65.34,85,74,4.59
manfredonia,it,41.593761606085366,15.928322526523232,54.0,70,100,1.01
phulabani,in,20.54043538598168,83.9997615659799,58.73,55,96,2.66
viedma,ar,-39.978771807935075,-64.92289707502133,74.28,27,2,5.37
srednekolymsk,ru,68.40038663013232,156.07617650437953,-27.18,97,100,5.3
saldanha,za,-45.05379313479257,-4.918713328334974,63.48,88,33,7.02
ternate,id,2.796580187732971,130.03233981308585,73.67,94,25,2.24
westport,nz,-37.2967288368763,167.3675996819996,45.9,87,90,24.16
mandalgovi,mn,45.88863247184531,106.30671814971106,9.82,72,0,10.31
aberdeen,us,44.94357398240126,-98.2841554706468,41.76,69,100,4.0
tiarei,pf,-12.355476133460797,-146.512321128145,87.01,66,11,11.01
messina,za,-22.19731508428282,30.6410223568856,57.56,81,100,5.01
mogadouro,pt,41.39516924744743,-6.341557486108542,37.62,92,0,0.74
lompoc,us,23.390016514648437,-133.85656868654638,68.88,52,40,13.87
zeya,ru,53.9208934869975,127.05822089120727,-28.41,99,8,0.76
katsuura,jp,22.407748559857907,149.04848448289272,38.95,91,100,3.0
sur,om,16.11308334954761,61.899988773107594,68.45,80,7,2.59
dunedin,nz,-53.684152397200435,179.44649518120673,63.54,67,64,9.57
putatan,my,5.961586679282931,115.93806117087752,80.01,88,28,7.81
clifton,us,39.510760245893664,-108.17835218423244,45.68,87,90,24.16
yarmouth,ca,43.93818897680944,-65.84934898430615,44.74,93,90,9.17
camacha,pt,33.67890060632864,-15.092827912644509,45.0,94,24,6.11
nanortalik,gl,53.12937307952188,-47.105067625111985,22.53,81,100,16.15
laguna,br,-34.20428858105469,-42.343205024658346,58.46,87,75,5.82
waipawa,nz,-46.35185762813237,178.81237845456252,69.01,79,0,15.99
along,in,33.46654210976756,95.83537110169948,40.32,73,0,4.83
los llanos de aridane,es,26.80791806651922,-27.60278080766784,58.5,78,0,4.34
sorland,no,70.01326354498158,10.688518266991764,37.0,70,100,18.23
ondarroa,es,44.23947458386067,-2.2152104792932334,48.74,82,100,1.99
sloboda,ua,51.187813873502876,33.76636782578714,33.4,89,100,19.8
douglas,us,32.053729579750865,-109.20281394516161,30.87,92,90,5.82
boissevain,ca,49.04119812190183,-99.90401206568451,19.99,83,100,1.99
cayenne,gf,13.868937633912822,-42.9120590376595,78.08,87,62,6.93
cap-aux-meules,ca,48.01063475694107,-62.34291481213734,25.75,69,0,7.36
salalah,om,17.183363464161232,58.4407288916631,73.0,83,56,5.84
port lincoln,au,-41.407359189605785,132.88788666938518,64.17,85,39,4.7
samana,do,21.3241387591724,-67.41743745765604,74.17,78,78,4.38
misratah,ly,32.798647598720194,15.823074416438033,65.17,46,100,8.23
batagay,ru,65.56820128385232,134.35656179992935,-42.9,95,2,1.99
murmashi,ru,68.40934965901727,32.522545132486385,5.88,87,27,11.74
mortka,ru,59.029219230434535,66.05097740716849,-4.07,98,55,5.28
amos,ca,48.746950709198245,-77.8859240597839,33.01,92,100,1.01
gamboma,cg,-1.6111097034179522,15.279987414974244,78.96,39,100,0.63
leningradskiy,ru,72.74963316242804,177.38597170989516,-12.96,95,96,4.41
basco,ph,20.673006016728593,122.07472313024414,77.67,83,100,13.67
ballina,au,-31.149315906217574,158.8360646815845,73.99,97,0,5.5
bereda,so,13.801935300968893,49.83567916369083,43.27,80,0,3.09
tandil,ar,-37.220809224696346,-59.34478638774796,86.5,40,0,11.99
sabha,ly,28.03775298352295,15.226241017324298,60.21,20,99,8.86
reinosa,es,42.5410243188569,-4.20481624289593,48.94,97,100,1.21
rio gallegos,ar,-48.95958664739564,-68.55976145459648,57.9,46,100,34.78
andenes,no,72.99937532360971,14.100467324674042,25.0,100,41,31.0
luderitz,na,-29.57776623077227,1.7842815289891405,66.15,91,0,15.19
rocha,uy,-48.150570604907514,-42.80067389773086,75.42,48,0,12.66
bonavista,ca,53.574831658952434,-50.389262934930855,19.0,79,0,8.01
hasaki,jp,30.53665819707058,147.0557192490678,37.44,91,100,16.35
challans,fr,45.90874555205201,-2.4476545255703,45.0,97,100,6.98
crato,br,-7.238368351713987,-39.526001278313856,79.07,64,100,3.6
washington,us,35.46975824342368,-77.20686251265238,37.02,100,90,2.33
kalmunai,lk,7.338841273110148,87.67989584447201,79.84,73,100,16.11
riverton,us,42.703053628887375,-107.94564977082209,42.06,80,1,6.42
makakilo city,us,18.634762808160332,-159.47837261078166,78.91,54,12,8.97
provost,ca,51.46137555918952,-110.16612134882968,27.61,96,91,8.43
strezhevoy,ru,60.84958733070957,77.19844175305906,6.22,93,87,6.96
marquette,us,46.806499626132535,-88.29734590200036,32.86,98,90,11.41
kalaleh,ir,36.83383152835786,56.12827148784672,34.99,57,0,4.27
hervey bay,au,-23.64424968342651,155.0960509864421,81.0,70,23,3.0
sao joao da barra,br,-34.02912361751867,-21.067048714458764,74.79,85,100,8.05
pascagoula,us,28.765267204723983,-88.2610662008092,60.37,41,36,1.99
bellevue,us,44.551136482398334,-87.66255184383058,48.7,93,90,3.36
akyab,mm,19.887885483656163,92.65918169195754,59.63,66,0,7.56
cidreira,br,-32.46348041435054,-48.72601976964563,76.32,66,67,9.4
vestmannaeyjar,is,56.73170240101584,-20.214693625135908,41.54,57,74,12.8
nicoya,cr,8.128153753506993,-86.88904283869027,73.99,76,0,15.99
thinadhoo,mv,-0.16405674011724614,64.69752834569454,82.22,81,100,14.07
namibe,ao,-18.187116255705305,5.687023078572622,75.16,78,0,12.1
asau,tv,-8.959748678763503,177.19829175399434,28.0,80,71,7.0
samarai,pg,-11.724311920100291,151.46374520057833,77.5,84,47,3.22
arnoldstein,at,46.54174041679997,13.64060772122724,39.65,85,100,2.53
oistins,bb,12.202827092439705,-59.532677029827155,79.21,75,100,9.98
lata,sb,-9.827334137761326,170.8792341810206,46.51,94,0,3.0
kropotkin,ru,59.61236957374675,116.62960112686761,41.0,74,82,23.04
chokurdakh,ru,84.57834342245113,154.85474284243423,-31.25,86,82,3.15
kavaratti,in,13.804130663220803,68.59716988485289,81.25,66,77,3.42
ngong,ke,-1.3832487491066559,36.49760963715525,61.0,76,100,8.99
fuengirola,es,36.44183261069688,-4.627080380639512,48.87,90,100,6.55
severo-kurilsk,ru,35.36663738458388,162.19704511142828,17.74,91,100,42.77
cariamanga,ec,-4.515982260955553,-79.55710773797176,77.0,61,90,11.41
onega,ru,64.19840973300154,38.58228485295044,15.44,95,87,5.17
aquin,ht,18.400521218644357,-73.3913173125406,75.49,69,10,8.59
dolny kubin,sk,49.41250334927574,19.265559597441325,23.9,59,0,1.01
vao,nc,-26.37141664912842,165.8235374218607,77.76,79,40,20.29
berlevag,no,84.98723913478952,31.348495823625058,24.8,60,100,32.14
neyshabur,ir,35.37987290836374,58.9220730444693,28.44,73,2,8.5
hambantota,lk,4.057118227954746,81.57037542252084,78.6,75,91,22.03
katima mulilo,na,-17.462420625987733,24.125347590202608,71.11,72,77,5.99
luang prabang,la,19.902035297819694,102.52253862958617,51.8,54,0,1.16
college,us,65.51035045742563,-150.09813106863646,-5.19,73,100,3.0
torbay,ca,43.153684565776445,-52.02108811549262,19.2,74,0,1.01
isangel,vu,-15.876936866405458,174.18696484215286,77.67,82,33,15.01
kirakira,sb,-15.131527867700981,162.23203659683026,80.76,78,0,3.11
iquique,cl,-20.765979185758567,-73.63068628722496,70.68,67,1,7.85
san antonio,cl,-33.510465464857404,-73.60971252637788,63.55,72,90,14.99
longyearbyen,sj,85.40474136933184,18.027757207704497,-11.52,58,0,2.73
bay roberts,ca,47.43103091053342,-53.44079984030668,19.18,77,0,4.07
mahebourg,mu,-48.39075050929548,81.52757865989821,76.48,83,75,11.41
kiunga,pg,-6.300734726402126,140.86546001495003,72.86,98,98,0.4
kribi,cm,2.99371758061082,10.256883203814738,79.43,78,32,4.38
monticello,us,33.50133075268437,-92.17234899454083,31.62,63,90,9.17
port augusta,au,-27.90805102880997,137.5780593680712,66.99,64,0,4.99
padang,id,-6.0473614188261,94.73283711819352,69.39,96,91,2.24
iraucuba,br,-3.740480432966848,-39.70617390856421,80.19,79,100,4.0
tuy hoa,vn,13.482614337436303,113.55369676761637,75.47,83,99,4.83
ayan,ru,57.507329970111584,140.4668784979874,-19.89,70,0,11.77
nebolchi,ru,59.28428636364845,33.35054906797774,26.44,90,100,12.03
vanavara,ru,62.17210145578241,103.83274389915579,26.64,88,100,13.78
kavieng,pg,11.186698943396934,151.74417609723832,83.55,72,92,8.93
springbok,za,-29.570713600292073,17.044252656859584,56.97,88,25,13.53
victoria,sc,-0.6937018105895447,63.06250993064856,61.43,95,100,8.66
santiago del estero,ar,-28.21890217710743,-62.74076866372546,99.82,20,0,9.82
pulandian,cn,39.59516186903673,121.37382249031839,27.0,35,0,1.99
shar,kz,49.291200783020855,81.35748102579083,27.93,96,100,9.93
maniitsoq,gl,63.07717488925232,-56.53702081069521,13.84,89,100,4.52
beitbridge,zw,-21.809010222686183,30.41522295999627,80.37,51,28,13.73
lavrentiya,ru,67.44959434276089,-172.03132114602346,-14.71,73,0,0.89
bull savanna,jm,15.94211499665002,-78.737952689106,75.25,68,41,4.92
ust-tsilma,ru,67.02756842998798,49.3102256726053,-4.97,98,100,3.83
fort nelson,ca,62.091097658227596,-120.57688860966616,12.2,92,68,0.29
kruisfontein,za,-63.85380717000544,27.095149720900764,67.35,90,0,5.73
iqaluit,ca,66.52247493758787,-70.45811564576444,-27.0,67,13,8.99
chengde,cn,41.44255322757974,117.616527585693,14.07,79,0,3.24
fuerte olimpo,py,-20.855604382589533,-58.138990989325976,96.75,25,0,4.97
gushikawa,jp,21.84463350887573,134.81942029550993,69.01,94,100,8.01
opuwo,na,-19.858238215077264,10.878321388014513,72.57,36,61,6.8
kahului,us,31.883019484271912,-149.92446562195767,76.32,71,6,10.0
launceston,au,-40.04288269372089,148.44851900103725,60.57,97,100,11.01
dwarka,in,22.147407232006316,67.65128109374007,71.87,68,0,12.1
dzaoudzi,yt,-12.645557723746379,46.71945819870402,78.8,88,100,6.93
sept-iles,ca,56.543651174623676,-67.83435739927128,18.0,77,73,0.98
jacqueville,ci,3.5843789903282612,-3.8731694254962292,82.22,84,100,13.47
honningsvag,no,74.39079000067224,26.669249332201332,24.49,76,100,31.74
porto novo,cv,13.91787676378982,-36.895560968302675,79.21,45,67,5.75
ponta delgada,pt,29.362742919777048,-27.83226808691444,62.98,86,100,14.79
hobbs,us,32.316239364910814,-103.56463429168846,65.75,23,0,15.01
bada,ru,51.07875875810916,109.87025666895818,2.73,85,30,1.59
georgetown,sh,-3.83733733321138,-14.692361912263834,77.61,88,79,3.0
praia,cv,10.835923507866724,-21.992673207984495,72.16,68,61,11.54
armidale,au,-31.171227892506337,151.83964837719105,68.81,82,4,3.6
beidao,cn,35.18882320351136,105.82633150105966,25.7,80,91,3.0
brae,gb,65.3114924927329,-0.1306992607530333,47.26,83,100,25.97
cabo san lucas,mx,18.162598948691183,-110.9555572485833,73.2,69,31,4.0
chaah,my,2.1935276417334677,103.19465868121142,72.61,92,30,2.57
ixtapa,mx,10.701659715603924,-105.3363647473243,77.0,89,100,1.01
deputatskiy,ru,74.42556034128245,142.43652364066702,-40.74,100,59,0.94
bani,do,18.362069510428597,-70.47857882147716,81.66,70,56,4.0
atar,mr,20.335141393336244,-10.37340381963287,77.83,20,75,9.08
carutapera,br,-1.2294810581756934,-46.003408725281645,82.71,80,100,13.33
itarema,br,7.483519958001452,-38.775056302609954,81.16,78,100,7.63
nosy varika,mg,-21.31474308490168,49.84777128910656,73.47,86,100,7.43
nizhniy kuranakh,ru,59.69973417245387,124.33254802801895,-9.2,98,96,1.77
campbell river,ca,51.6557905848357,-125.60916236923165,44.01,97,100,13.27
bowen,au,-16.52283749675965,152.4045064755437,78.01,93,100,5.53
maragogi,br,-10.216231213158835,-34.116348721563014,82.2,83,89,11.99
kodiak,us,44.30489481060607,-155.83181513435105,19.51,81,80,23.67
bengkulu,id,-18.35920552536959,93.03787082289273,73.62,91,78,3.11
omsukchan,ru,62.71966335403752,156.36817141374308,-32.66,99,100,9.73
touros,br,0.44953182078772613,-30.310571492804712,82.62,82,88,18.68
yantal,ru,56.53144268360322,104.86073316639886,16.3,83,93,8.79
tullahoma,us,35.241359833603454,-86.36041011151417,38.84,74,90,8.05
luziania,br,-16.47212879387297,-47.779166040545846,71.01,91,58,5.55
mocuba,mz,-18.676413129006335,39.657023456758225,70.74,96,0,1.01
mareeba,au,-13.833893035126621,142.52047969112795,76.91,95,99,2.13
purranque,cl,-41.12564929094974,-73.44474371865587,70.97,66,100,4.0
luba,gq,1.8076747868961007,6.645236499840053,79.81,79,35,7.87
romitan,uz,39.95531690067784,64.08934517905305,29.71,85,14,5.53
hamilton,bm,30.694942062697834,-69.97139776692627,34.68,93,90,6.93
am timan,td,10.815161516531518,19.534094846646894,64.69,13,6,4.38
honiara,sb,-16.445948502541583,156.39462755135548,78.46,70,0,1.7
oktyabrskiy,ru,52.28205707168442,155.37068541702354,20.62,95,99,4.63
labuan,my,6.258748554203947,114.0107134575016,81.03,83,61,1.01
beian,cn,49.10082663960216,126.90928142317853,33.94,96,100,10.65
narasannapeta,in,16.521048567402403,85.65803542195556,67.32,93,100,1.88
constitucion,mx,12.539601720637464,-129.33001037707402,70.61,49,0,11.36
damnagar,in,21.80794810496785,71.63616003913211,64.22,32,0,6.04
fare,pf,-13.496520000079215,-149.41306165701542,82.06,76,0,11.74
clyde river,ca,70.76451206500286,-75.73236943017207,-20.76,76,56,4.47
aklera,in,24.35995175341455,76.49776623038855,57.92,35,0,1.74
coxim,br,-18.15362443829369,-53.95856965355942,85.71,75,19,2.06
la romana,do,17.394072824931285,-68.8261621172307,79.43,72,36,4.59
liliongan,ph,7.318554124586683,124.92192935314063,72.14,93,79,1.03
meulaboh,id,-1.4264162238799116,89.90643388808559,82.11,76,46,3.85
okha,ru,53.77027142529761,143.41485119560087,-13.9,82,0,15.97
codrington,ag,21.48836653432859,-57.29178279157651,61.86,93,85,13.47
arcata,us,41.096722630347585,-123.36715641540815,58.06,100,100,3.96
abong mbang,cm,3.5440326681309955,12.934612215382401,67.32,21,17,2.77
san patricio,mx,8.304177911154866,-109.65270113502025,79.16,65,58,7.52
ahipara,nz,-33.94105915298788,166.0219116161756,78.01,89,86,4.0
sumenep,id,-5.628845968201688,114.16252392970989,81.16,72,98,2.37
veraval,in,18.020986281228573,68.53205971204343,65.97,31,0,7.43
maromitsa,ru,59.90445999580973,47.98093262966583,13.05,97,100,5.17
fowa,eg,31.08451830999269,30.38038273663136,77.76,9,1,5.35
la paz,ph,17.757033221487006,120.80844383416826,53.29,57,22,8.16
ekibastuz,kz,52.25511389278162,74.42776737599024,7.86,82,0,19.06
borisoglebskiy,ru,57.250576123272225,39.21077023841457,26.6,91,100,13.98
wagar,sd,16.34677833054448,37.110100457175974,59.36,66,0,15.59
bayji,iq,35.37204401366789,43.41497780075622,46.51,59,0,8.59
bocana de paiwas,ni,12.864948918984169,-84.94883947854923,79.3,68,0,7.58
tevaitoa,pf,-19.59992949431779,-154.25125531896856,82.0,78,32,14.07
port hedland,au,-21.508782490004847,121.18949800391954,85.55,60,0,8.41
marion,us,40.75930065580067,-83.1483051505383,32.4,95,90,17.22
ketchikan,us,46.972095694538126,-137.37774513358502,36.27,98,100,5.88
yeppoon,au,-22.102643211896677,151.31424660413114,79.09,81,100,6.17
tambura,sd,5.241117426279828,27.291429518662255,71.76,27,0,5.12
kachug,ru,53.5950397860409,105.92733568884063,0.09,84,33,1.28
saquarema,br,-24.155891590283318,-42.50174815143782,75.97,83,0,9.01
antofagasta,cl,-22.36374081408576,-77.52838649568841,72.0,49,35,5.41
flinders,au,-33.747493485931855,132.5298739036295,77.95,22,41,2.17
sabang,id,6.407196363787463,94.4558039776457,82.06,64,34,5.55
jacareacanga,br,-7.290760485736541,-56.03678544316678,79.57,93,100,1.45
pinega,ru,64.93079229333696,43.14012724257111,-4.68,98,80,5.57
paka,my,5.494891770066687,104.89686622698088,73.0,94,43,1.01
cognac,fr,45.912358740439174,-0.3328095759138705,44.69,95,98,4.16
namie,jp,36.20463463382286,145.60557396001246,30.24,66,100,4.9
vung tau,vn,8.59031464578355,107.91186080445988,73.36,91,49,6.49
guaraniacu,br,-24.719789219375684,-52.4366253489045,76.3,75,2,4.32
muzhi,ru,65.02740223452238,64.12004489101457,-3.35,99,98,2.21
belmonte,br,-17.611412703929133,-27.94160300483469,76.64,88,100,2.13
caorle,it,45.23720065946134,13.102787737149129,45.63,84,99,5.03
tateyama,jp,33.66833668302094,139.81500427542107,39.02,91,100,3.0
mount isa,au,-24.85430224840789,139.05187484031222,74.84,90,100,12.5
pochutla,mx,13.011541805513275,-95.87631133408564,87.01,66,0,9.04
hofn,is,67.22389119266532,-12.80944117807772,35.69,95,100,4.03
lewisporte,ca,49.942862904624604,-54.98085377134569,21.99,88,0,5.75
phek,in,25.09839917626006,95.36766406122882,35.56,89,0,1.5
coahuayana,mx,1.5315169359311653,-112.11897292848484,78.51,65,98,6.78
breves,br,-1.4105367995862679,-50.13448741128519,80.65,88,100,3.31
eyl,so,7.969282574526247,51.336260302013415,79.2,84,79,20.27
saint-augustin,ca,52.56705766200653,-57.394000691562155,16.25,77,34,12.59
puerto colombia,co,11.72952778778749,-75.07120961512089,78.85,79,99,19.15
turukhansk,ru,63.5102177123546,88.25284428535934,3.76,94,97,1.99
thompson,ca,71.14703483075337,-96.10815944012722,21.2,91,100,1.25
bijie,cn,27.203680503213917,105.27954682544959,33.53,83,100,2.17
shiyan,cn,31.68200529891871,110.63547873265645,32.81,90,96,2.84
dukhovshchina,ru,55.19595677623454,32.11721875154865,30.06,81,86,9.86
moerai,pf,-20.984788705760522,-150.96696107196067,80.71,78,67,9.53
porto seguro,br,-17.172840426864127,-36.80378109848979,80.47,81,100,8.01
ereymentau,kz,50.997105142475704,73.32878459475754,5.11,90,75,20.2
kudahuvadhoo,mv,3.095810261048328,63.60403538166858,81.81,76,100,14.79
albury,au,-36.428508223813395,147.53553385452176,64.74,64,0,3.65
grand gaube,mu,-13.724606460664035,65.82897070081168,76.35,83,75,11.41
jiwani,pk,22.346191867024416,62.28418168985809,72.0,78,0,15.05
airai,pw,17.60032962133998,148.96731550802667,68.27,93,100,1.21
matata,nz,-37.69994587901828,176.73531080002823,74.53,67,63,1.01
krasnokamensk,ru,54.9706569014113,93.10762286624885,-5.51,82,100,4.47
sandorfalva,hu,46.39536269652001,20.166268716011473,29.79,96,98,3.51
presidencia roque saenz pena,ar,-25.047925485264358,-60.178195719319504,92.97,28,0,2.46
gibara,cu,21.902099061003454,-76.10485607941617,75.85,69,16,10.38
grafenhainichen,de,51.65488471841053,12.523330019966068,31.33,80,15,1.99
tucuma,br,0.518246727622909,-49.47816442785586,82.11,81,44,8.75
sao filipe,cv,11.088283311290539,-31.130073329714293,75.87,52,38,16.08
mehamn,no,82.02264349215312,29.267596109411556,20.37,64,100,25.68
lorengau,pg,12.661318408499653,148.64472481517555,82.83,73,3,5.3
paamiut,gl,59.24269701913616,-49.89727376112407,17.4,62,86,17.36
calama,cl,-23.03828542291373,-69.57780652400228,60.35,84,96,10.58
cap malheureux,mu,-15.697908370327895,59.10693619144865,76.33,83,75,11.41
buraydah,sa,29.776679132157156,43.737717345415916,42.67,45,0,10.71
kutum,sd,12.992853993040228,24.308309426795148,47.41,28,0,7.58
te anau,nz,-39.40253798503632,160.55134035350045,57.56,83,80,1.66
brigantine,us,38.67714820240684,-72.78173161378734,50.02,98,80,5.99
necochea,ar,-40.23906071567833,-58.9618074903797,71.28,67,0,8.01
umm lajj,sa,25.0330751829745,35.280578699056946,52.74,22,0,10.87
carauari,br,-4.380092084244808,-67.10446800787841,90.37,49,69,2.24
iaciara,br,-14.717235549141705,-46.72236909909125,73.27,93,100,4.94
primorsk,ru,59.941444873365356,28.474117752218973,38.66,73,23,18.05
areia branca,br,-4.466467352781677,-37.24090000698931,82.54,78,54,17.27
umea,se,63.83862113284371,19.633107497173057,26.01,87,100,1.92
henties bay,na,-21.843965922936334,11.576955107793992,64.0,94,0,3.0
poyarkovo,ru,49.71991715104599,128.5812215353326,-2.47,86,42,14.45
lubsko,pl,51.86789044431754,15.05253217672282,29.48,88,84,4.0
komsomolets,ru,52.79939937510707,41.05645377012266,15.67,89,82,14.09
nalbari,in,26.58489583456621,91.19711136577297,55.09,71,0,6.82
vikersund,no,59.893874567355596,10.135549715505476,38.1,90,100,4.0
maxixe,mz,-22.058903168803667,34.63405989081579,78.8,77,100,13.2
nouadhibou,mr,20.736124637154475,-16.866401157012547,64.69,69,100,22.32
cochrane,ca,49.301459049295715,-81.58100442320024,43.5,52,0,8.99
howard springs,au,-12.988945239517747,131.81319630662108,81.01,100,100,6.49
qui nhon,vn,13.823903146288828,109.49978759682375,69.44,94,100,1.14
ishigaki,jp,22.199737574740936,123.8205836163578,73.27,87,100,13.2
dayong,cn,29.79285423115482,110.07430185349574,57.65,95,100,9.04
ucluelet,ca,48.962364055403526,-126.56551363173756,46.65,87,96,1.01
ouesso,cg,1.0950989141937981,16.105036037928556,70.92,25,92,1.48
aksarka,ru,64.23347213875644,68.1672579239079,-5.3,99,81,5.08
korla,cn,36.35163117081403,85.09052463638704,14.36,46,0,5.73
borogontsy,ru,64.34049727797174,132.47391764924276,-42.07,96,12,3.65
solnechnyy,ru,61.45634814799715,139.4833799863522,-10.97,86,97,2.44
aksha,ru,49.747987630803294,113.19216740412384,-2.22,82,100,2.71
troitskoye,ru,48.97576102802503,136.7417269827494,23.0,96,100,4.94
port blair,in,10.636266281218795,88.18932406070218,78.12,69,100,11.65
karasburg,na,-28.10010749601075,17.674025606472213,64.69,55,0,21.85
fairbanks,us,73.80675797080204,-145.23703449625282,-5.19,73,100,3.0
sayyan,ye,16.276994531432933,46.108123820167094,53.55,65,27,1.45
garissa,ke,-1.5591008805913447,39.280857970562806,76.64,89,100,10.36
dicabisagan,ph,16.633246653923194,125.0537141465565,74.44,90,100,8.34
chernyshevskiy,ru,61.761488587701024,111.13157430330915,-9.15,99,100,3.89
tongzi,cn,27.935647084972416,107.2692321389294,42.55,82,13,0.34
biaora,in,23.648598786443415,76.93123733499391,57.97,36,0,2.01
kazachinskoye,ru,57.947089045869404,93.94716959289059,21.15,86,67,9.42
tres arroyos,ar,-40.000242719328234,-60.20066448828409,77.27,34,0,13.18
havre,us,48.23684259927421,-110.2398390724501,36.81,93,95,1.01
korem,et,12.108587490720836,39.729030421718534,53.02,95,85,2.8
nelson bay,au,-34.073063304844524,155.63408663060358,77.38,78,52,1.01
ugoofaaru,mv,4.946533896523434,62.90859133935061,82.31,68,100,8.21
alyangula,au,-14.772912134178839,136.33891174853056,81.68,83,100,10.42
penzance,gb,50.6800737428772,-6.8638099853342,48.51,93,100,13.0
saint-pierre,pm,39.73134462954215,-53.031339473269114,71.1,88,90,3.36
rostock,de,54.02864975754247,12.190232124517053,39.07,86,87,3.0
jimma,et,7.342640772709487,36.6459586390817,64.35,56,100,1.72
robore,bo,-17.669938323588056,-59.29743898422839,97.34,24,64,4.97
payo,ph,14.811891717300185,125.36081805973964,67.51,96,98,1.97
riachao das neves,br,-11.712887210376735,-44.68031906259955,76.73,85,100,2.95
salar,uz,41.45367101726464,69.40143667261586,47.25,91,100,1.01
melilla,es,35.83088692114629,-3.564614881594366,55.99,80,65,1.01
udachnyy,ru,67.96527364114309,112.93415660487506,-23.08,96,79,9.78
lufilufi,ws,-6.4539445720841115,-167.66789909860532,80.64,78,71,3.11
matagami,ca,49.80403753036032,-77.84468468178889,32.74,96,100,5.95
geraldton,au,-33.641973892961644,95.55204998528706,72.46,80,0,19.3
potam,mx,28.085714070250205,-110.30356659351007,73.47,61,5,8.01
takoradi,gh,-2.3037303685733264,-0.4646190720895902,78.67,77,94,4.29
kaeo,nz,-33.67868480252553,173.98700215055868,74.16,89,98,4.0
bilma,ne,16.62229766937341,14.24224147993175,62.58,15,0,8.84
ust-nera,ru,63.458960156379476,143.32326832697026,-48.84,99,61,0.85
coihaique,cl,-46.26954794785369,-75.60862116610332,60.19,63,0,14.9
lusambo,cd,-5.098040735212393,24.443535423434724,77.52,58,92,0.74
la oroya,pe,-11.517456496974418,-75.90075744527182,48.02,71,100,6.2
nobres,br,-14.845869274043764,-56.29580331896901,86.32,66,96,4.27
nemuro,jp,39.453895253252654,147.12004001567004,17.69,65,100,26.24
bardiyah,ly,32.85877625444576,25.473416957626796,57.97,60,0,7.83
ayagoz,kz,47.737850594475276,79.6801450100183,24.98,95,100,13.09
bodrum,tr,37.10960189355873,27.348917053583648,52.5,64,41,6.71
rosenberg,us,29.533936159153882,-95.8002986309896,23.79,59,0,1.99
phonhong,la,18.758523004668376,102.53213776217837,65.97,90,67,3.4
xifeng,cn,42.94244385821787,124.66373393441984,2.12,82,0,1.07
podgorica,me,42.50703394113151,19.02192326356422,42.8,100,90,2.24
benbrook,us,32.696020455717075,-97.59524362649066,62.98,48,75,17.22
slave lake,ca,56.98823328205074,-114.59399088178823,29.66,85,0,1.52
stafford,us,29.427246370410074,-95.58362399799884,42.75,96,100,1.99
ayacucho,pe,-13.785548294109716,-74.39673551915715,68.0,45,40,4.7
zhezkazgan,kz,46.422016335457926,67.97610179323306,6.42,94,89,11.32
ambon,id,-4.751732678379895,127.89541530928688,81.23,74,63,3.6
leeton,au,-35.18660444287865,145.91145982789766,73.85,31,0,1.43
coronel oviedo,py,-25.47836619911604,-56.389307503388906,96.3,17,0,7.47
formosa,ar,-25.366664570098038,-59.57957685910003,97.65,18,0,5.82
olaine,lv,56.69404302044737,24.01885867743482,31.46,90,0,4.7
sai buri,th,7.074970534456156,102.18542015655407,68.67,97,82,1.01
general pico,ar,-36.29494493204247,-62.74219854343673,97.92,15,0,16.53
pimentel,pe,-8.66370789646281,-83.76321242771569,73.44,89,51,16.06
marneuli,ge,41.426126236750235,44.87601755556324,29.55,61,3,4.5
tezu,in,32.63331481936845,96.88225644307795,48.83,63,46,3.2
smithers,ca,59.640070412779664,-128.256287050743,30.31,95,97,3.76
aripuana,br,-9.584797815017765,-61.07823623457536,85.32,77,100,3.22
rudbar,af,29.10301593718428,62.818176241709494,54.32,79,0,4.34
greytown,za,-28.83065081945469,30.30679503678715,61.97,96,4,3.0
taoudenni,ml,23.90194815626967,-0.5690722349453665,77.18,14,62,6.58
arrifes,pt,37.421293882995045,-26.596722592931542,60.49,90,100,14.63
bay city,us,43.914262986084054,-83.41881890960858,35.08,99,90,5.82
mangai,cd,-2.859188040125531,20.131763851915082,76.17,74,50,2.19
aquiraz,br,-1.6059959854825934,-36.02652034980741,84.51,85,83,5.99
sibolga,id,-0.14657983270710417,97.63540049949813,71.74,96,99,2.75
vostok,ru,48.000825146866475,149.2698851459798,-13.58,88,0,5.39
